driver_id,trip_id,average_speed,max_speed,speed_std,average_acceleration,max_acceleration,min_acceleration,hard_acceleration_count,hard_braking_count,overspeed_count,average_rpm,rpm_std,point_count,start_time,end_time,driving_time,hard_acceleration_ratio,hard_braking_ratio,overspeed_ratio,cluster
D001,T001,48.33244444444445,61.31,6.101041780834291,-0.08196666666666666,0.939,-4.346,0,1,0,2494.621111111111,354.1098253730301,90,2026-01-01 08:00:00,2026-01-01 08:07:25,445.0,0.0,0.011111111111111112,0.0,1
D001,T002,48.495000000000005,69.39,8.20642544225717,0.048666666666666664,4.665,-1.764,1,0,0,2512.188888888889,438.25784351594444,90,2026-01-01 10:00:00,2026-01-01 10:07:25,445.0,0.011111111111111112,0.0,0.0,1
D001,T003,48.83322222222222,67.37,8.820395648057103,0.030766666666666668,1.209,-1.369,0,0,0,2486.1755555555555,461.1537605359295,90,2026-01-01 12:00:00,2026-01-01 12:07:25,445.0,0.0,0.0,0.0,1
D001,T004,45.82888888888889,65.98,7.64592017881262,-0.041044444444444446,1.306,-3.619,0,1,0,2387.567777777778,375.6277480829094,90,2026-01-01 14:00:00,2026-01-01 14:07:25,445.0,0.0,0.011111111111111112,0.0,1
D002,T001,67.53166666666667,99.4,16.257236953762668,-0.08173333333333334,2.57,-3.573,1,1,0,3144.6366666666663,741.587746473134,90,2026-01-01 16:00:00,2026-01-01 16:07:25,445.0,0.011111111111111112,0.011111111111111112,0.0,1
D002,T002,64.4888888888889,109.47,15.248488629799795,0.04102222222222222,4.655,-6.518,5,1,2,3079.0155555555557,786.849532024669,90,2026-01-01 18:00:00,2026-01-01 18:07:25,445.0,0.05555555555555555,0.011111111111111112,0.022222222222222223,0
D002,T003,63.099222222222224,108.17,15.524805539159393,-0.08922222222222223,2.532,-4.984,1,2,1,2971.292222222222,786.2262313054423,90,2026-01-01 20:00:00,2026-01-01 20:07:25,445.0,0.011111111111111112,0.022222222222222223,0.011111111111111112,1
D002,T004,65.36144444444444,105.1,15.100810571376929,-0.06314444444444445,4.319,-4.401,2,4,2,3047.3855555555556,748.0174752451709,90,2026-01-01 22:00:00,2026-01-01 22:07:25,445.0,0.022222222222222223,0.044444444444444446,0.022222222222222223,0
D003,T001,57.492,113.63,22.163276600334196,-0.06588888888888889,6.046,-4.129,8,5,2,2835.028888888889,1062.4756020722318,90,2026-01-02 00:00:00,2026-01-02 00:07:25,445.0,0.08888888888888889,0.05555555555555555,0.022222222222222223,0
D003,T002,58.38755555555556,133.32,24.492908274749777,-0.11524444444444447,7.411,-5.297,9,10,4,2795.567777777778,1214.7889444310313,90,2026-01-02 02:00:00,2026-01-02 02:07:25,445.0,0.1,0.1111111111111111,0.044444444444444446,0
D003,T003,58.50288888888889,110.95,25.248356370776253,-0.05201111111111112,4.058,-6.038,13,9,6,2817.718888888889,1210.6167491137344,90,2026-01-02 04:00:00,2026-01-02 04:07:25,445.0,0.14444444444444443,0.1,0.06666666666666667,0
D003,T004,56.836333333333336,106.61,23.618483356630158,-0.0013000000000000023,5.532,-6.54,7,7,3,2793.8733333333334,1143.598160430195,90,2026-01-02 06:00:00,2026-01-02 06:07:25,445.0,0.07777777777777778,0.07777777777777778,0.03333333333333333,0
D004,T001,42.95722222222222,60.15,9.563239664016097,-0.07204444444444445,2.855,-4.862,1,2,0,2291.507777777778,503.8246001255153,90,2026-01-02 08:00:00,2026-01-02 08:07:25,445.0,0.011111111111111112,0.022222222222222223,0.0,1
D004,T002,41.15711111111111,63.57,9.366728020378314,-0.22129999999999997,1.93,-5.56,0,5,0,2207.6800000000003,509.6002394915918,90,2026-01-02 10:00:00,2026-01-02 10:07:25,445.0,0.0,0.05555555555555555,0.0,1
D004,T003,41.71211111111111,62.72,11.171629244989989,-0.19681111111111113,4.274,-5.381,1,4,0,2205.3088888888888,598.8229949208218,90,2026-01-02 12:00:00,2026-01-02 12:07:25,445.0,0.011111111111111112,0.044444444444444446,0.0,1
D004,T004,42.251666666666665,66.81,11.291094258333057,0.020911111111111123,3.335,-4.765,2,3,0,2284.48,604.9374818102086,90,2026-01-02 14:00:00,2026-01-02 14:07:25,445.0,0.022222222222222223,0.03333333333333333,0.0,1
D005,T001,71.42777777777778,130.13,21.205926973996373,-0.14483333333333334,4.371,-8.044,6,3,8,3224.2244444444445,1025.494124396155,90,2026-01-02 16:00:00,2026-01-02 16:07:25,445.0,0.06666666666666667,0.03333333333333333,0.08888888888888889,0
D005,T002,69.92077777777777,113.39,20.678171698231044,-0.1218111111111111,3.647,-4.855,5,6,6,3251.2133333333336,966.192265766481,90,2026-01-02 18:00:00,2026-01-02 18:07:25,445.0,0.05555555555555555,0.06666666666666667,0.06666666666666667,0
D005,T003,67.13377777777778,112.16,17.856789636713476,-0.10783333333333335,2.667,-4.363,3,2,1,3081.788888888889,929.520096964919,90,2026-01-02 20:00:00,2026-01-02 20:07:25,445.0,0.03333333333333333,0.022222222222222223,0.011111111111111112,0
D005,T004,70.44077777777778,129.57,19.1594612546397,-0.05886666666666668,4.149,-4.956,6,5,3,3250.4366666666665,941.3471162964013,90,2026-01-02 22:00:00,2026-01-02 22:07:25,445.0,0.06666666666666667,0.05555555555555555,0.03333333333333333,0
D006,T001,52.99488888888889,73.55,6.981084273088604,-0.053566666666666665,1.192,-4.699,0,1,0,2604.1588888888887,371.3150834698677,90,2026-01-03 00:00:00,2026-01-03 00:07:25,445.0,0.0,0.011111111111111112,0.0,1
D006,T002,52.742,72.49,7.1560401453455915,-0.06257777777777777,1.728,-1.294,0,0,0,2632.97,353.8520688338243,90,2026-01-03 02:00:00,2026-01-03 02:07:25,445.0,0.0,0.0,0.0,1
D006,T003,54.373666666666665,70.81,6.668558197014276,0.048188888888888885,3.73,-1.194,1,0,0,2689.6222222222223,354.23321042188144,90,2026-01-03 04:00:00,2026-01-03 04:07:25,445.0,0.011111111111111112,0.0,0.0,1
D006,T004,53.346333333333334,70.5,6.987709185628817,-0.01638888888888889,1.816,-2.872,0,0,0,2652.6233333333334,345.8193712609603,90,2026-01-03 06:00:00,2026-01-03 06:07:25,445.0,0.0,0.0,0.0,1
